player_id,player_name,team_abbreviation
1630173,Precious Achiuwa,NYK
1628389,Bam Adebayo,MIA
1630534,Ochai Agbaji,TOR
1630583,Santi Aldama,MEM
1629638,Nickeil Alexander-Walker,MIN
1628960,Grayson Allen,PHX
1628386,Jarrett Allen,CLE
1630631,Jose Alvarado,NOP
203937,Kyle Anderson,MIN
203507,Giannis Antetokounmpo,MIL
1630175,Cole Anthony,ORL
1628384,OG Anunoby,NYK
1630166,Deni Avdija,WAS
1629028,Deandre Ayton,POR
1628963,Marvin Bagley III,WAS
1631116,Patrick Baldwin Jr.,WAS
1630163,LaMelo Ball,CHA
1628964,Mo Bamba,PHI
1631094,Paolo Banchero,ORL
1630217,Desmond Bane,MEM
1630625,Dalano Banton,POR
1631230,Dominick Barlow,SAS
203084,Harrison Barnes,SAC
1630567,Scottie Barnes,TOR
1629628,RJ Barrett,TOR
1629646,Charles Bassey,SAS
1641734,Emoni Bates,CLE
201587,Nicolas Batum,PHI
203078,Bradley Beal,PHX
1627736,Malik Beasley,MIL
1630699,MarJon Beauchamp,MIL
1630180,Saddiq Bey,ATL
1629048,Goga Bitadze,ORL
202687,Bismack Biyombo,OKC
1641710,Anthony Black,ORL
203992,Bogdan Bogdanović,ATL
1629626,Bol Bol,PHX
1626164,Devin Booker,PHX
1630527,Brandon Boston,LAC
1628449,Chris Boucher,TOR
1631123,Jamaree Bouyea,SAS
1631103,Malaki Branham,SAS
1631128,Christian Braun,DEN
1628969,Mikal Bridges,BKN
1628970,Miles Bridges,CHA
1629052,Oshae Brissett,BOS
1627763,Malcolm Brogdon,POR
1628415,Dillon Brooks,HOU
1628971,Bruce Brown,TOR
1627759,Jaylen Brown,BOS
1641738,Kobe Brown,LAC
1629650,Moses Brown,POR
1628973,Jalen Brunson,NYK
1628418,Thomas Bryant,MIA
1641723,Kobe Bufkin,ATL
202692,Alec Burks,NYK
1630215,Jared Butler,WAS
202710,Jimmy Butler III,MIA
1631288,Jamal Cain,MIA
203484,Kentavious Caldwell-Pope,DEN
1641739,Toumani Camara,POR
203991,Clint Capela,ATL
1628975,Jevon Carter,CHI
1628976,Wendell Carter Jr.,ORL
1630618,D.J. Carton,TOR
1627936,Alex Caruso,CHI
1630658,Colin Castleton,LAL
1630577,Julian Champagnie,SAS
1630551,Justin Champagnie,WAS
1631108,Max Christie,LAL
1631321,Sidy Cissoko,SAS
1629634,Brandon Clarke,MEM
203903,Jordan Clarkson,UTA
1629651,Nic Claxton,BKN
1641730,Noah Clowney,BKN
1629599,Amir Coffey,LAC
1628381,John Collins,UTA
1628380,Zach Collins,SAS
201144,Mike Conley,MIN
1626192,Pat Connaughton,MIL
1641731,Bilal Coulibaly,WAS
1641741,Ricky Council IV,PHI
1628470,Torrey Craig,CHI
203109,Jae Crowder,MIL
1630595,Cade Cunningham,DET
203552,Seth Curry,CHA
201939,Stephen Curry,GSW
1630700,Dyson Daniels,NOP
203076,Anthony Davis,LAL
1631098,Johnny Davis,WAS
1631120,JD Davison,BOS
201942,DeMar DeRozan,CHI
1628978,Donte DiVincenzo,NYK
1631217,Moussa Diabaté,LAC
1641711,Gradey Dick,TOR
1631172,Ousmane Dieng,OKC
203915,Spencer Dinwiddie,LAL
1629029,Luka Dončić,DAL
1629652,Luguentz Dort,OKC
1630245,Ayo Dosunmu,CHI
1630288,Jeff Dowtin Jr.,PHI
203083,Andre Drummond,CHI
1630537,Chris Duarte,SAC
1630561,David Duke Jr.,SAS
1627739,Kris Dunn,UTA
201142,Kevin Durant,PHX
1631105,Jalen Duren,DET
1631106,Tari Eason,HOU
1630162,Anthony Edwards,MIN
1630556,Kessler Edwards,SAC
1631165,Keon Ellis,SAC
203954,Joel Embiid,PHI
1629234,Drew Eubanks,PHX
1641787,Tosan Evbuomwan,DET
203957,Danté Exum,DAL
1628981,Bruno Fernando,ATL
1627827,Dorian Finney-Smith,BKN
1641745,Adam Flagler,OKC
1630201,Malachi Flynn,DET
1631323,Simone Fontecchio,DET
1628368,De'Aaron Fox,SAC
1628365,Markelle Fultz,ORL
1629655,Daniel Gafford,DAL
1629636,Darius Garland,CLE
1630568,Luka Garza,MIN
1641718,Keyonte George,UTA
202331,Paul George,LAC
201959,Taj Gibson,DET
1630581,Josh Giddey,OKC
1628983,Shai Gilgeous-Alexander,OKC
1630264,Anthony Gill,WAS
1631221,Collin Gillespie,DEN
203497,Rudy Gobert,MIN
1630692,Jordan Goodwin,MEM
203932,Aaron Gordon,DEN
201569,Eric Gordon,PHX
203924,Jerami Grant,POR
1631260,AJ Green,MIL
203110,Draymond Green,GSW
1630224,Jalen Green,HOU
1629750,Javonte Green,CHI
201145,Jeff Green,HOU
1630182,Josh Green,DAL
1629656,Quentin Grimes,DET
1631243,Mouhamed Gueye,ATL
1629060,Rui Hachimura,LAL
1630169,Tyrese Haliburton,IND
203501,Tim Hardaway Jr.,DAL
201935,James Harden,LAC
1630702,Jaden Hardy,DAL
1631199,Ron Harper Jr.,TOR
203914,Gary Harris,ORL
202699,Tobias Harris,PHI
1628404,Josh Hart,NYK
1628392,Isaiah Hartenstein,NYK
1630573,Sam Hauser,BOS
1641722,Jordan Hawkins,NOP
1629637,Jaxson Hayes,LAL
1630165,Killian Hayes,DET
1630703,Scoot Henderson,POR
1641707,Taylor Hendricks,UTA
1629639,Tyler Herro,MIA
1627741,Buddy Hield,PHI
1629312,Haywood Highsmith,MIA
1628988,Aaron Holiday,HOU
201950,Jrue Holiday,BOS
1626158,Richaun Holmes,WAS
1631096,Chet Holmgren,OKC
1641720,Jalen Hood-Schifino,LAL
201143,Al Horford,BOS
1629659,Talen Horton-Tucker,UTA
1631216,Caleb Houstan,ORL
1641724,Jett Howard,ORL
1628989,Kevin Huerter,SAC
1630643,Jay Huff,DEN
1629631,De'Andre Hunter,ATL
1630538,Bones Hyland,LAC
204060,Joe Ingles,ORL
1627742,Brandon Ingram,NOP
202681,Kyrie Irving,DAL
1628371,Jonathan Isaac,ORL
1631093,Jaden Ivey,DET
1641713,GG Jackson,MEM
1630543,Isaiah Jackson,IND
1631245,Quenton Jackson,IND
202704,Reggie Jackson,DEN
1641748,Andre Jackson Jr.,MIL
1628991,Jaren Jackson Jr.,MEM
1631218,Trayce Jackson-Davis,GSW
2544,LeBron James,LAL
1631170,Jaime Jaquez Jr.,MIA
1629610,DaQuan Jeffries,NYK
1641998,Trey Jemison III,MEM
1629660,Ty Jerome,CLE
1630198,Isaiah Joe,OKC
1629661,Cameron Johnson,BKN
1630552,Jalen Johnson,ATL
201949,James Johnson,IND
1629640,Keldon Johnson,SAS
1630553,Keon Johnson,BKN
203999,Nikola Jokić,DEN
1641732,Colby Jones,SAC
1630529,Herbert Jones,NOP
1630222,Mason Jones,SAC
1630200,Tre Jones,SAS
1626145,Tyus Jones,WAS
1627884,Derrick Jones Jr.,DAL
201599,DeAndre Jordan,DEN
202709,Cory Joseph,GSW
1631107,Nikola Jović,MIA
1630548,Johnny Juzang,UTA
1628379,Luke Kennard,MEM
1631117,Walker Kessler,UTA
1630296,Braxton Key,DEN
1630557,Corey Kispert,WAS
1628467,Maxi Kleber,DAL
1628995,Kevin Knox II,DET
1629723,John Konchar,MEM
1628436,Luke Kornet,BOS
1630249,Vít Krejčí,ATL
1630228,Jonathan Kuminga,GSW
1628398,Kyle Kuzma,WAS
1631222,Jake LaRavia,MEM
203897,Zach LaVine,CHI
1629111,Jock Landale,HOU
1630639,A.J. Lawson,DAL
1627747,Caris LeVert,CLE
203458,Alex Len,SAC
202695,Kawhi Leonard,LAC
1641721,Maxwell Lewis,LAL
1630604,E.J. Liddell,NOP
203081,Damian Lillard,MIL
1641726,Dereck Lively II,DAL
1641753,Chris Livingston,MIL
1626172,Kevon Looney,GSW
201572,Brook Lopez,MIL
201567,Kevin Love,MIA
200768,Kyle Lowry,PHI
1641754,Seth Lundy,ATL
1626168,Trey Lyles,SAC
1630572,Sandro Mamukelashvili,SAS
1629611,Terance Mann,LAC
1630544,Tre Mann,CHA
1628374,Lauri Markkanen,UTA
1630230,Naji Marshall,NOP
1628997,Caleb Martin,MIA
1628998,Cody Martin,CHA
1630231,KJ Martin,PHI
1629726,Garrison Mathews,ATL
1631097,Bennedict Mathurin,IND
1630178,Tyrese Maxey,PHI
1630540,Miles McBride,NYK
203468,CJ McCollum,NOP
204456,T.J. McConnell,IND
1630183,Jaden McDaniels,MIN
1629667,Jalen McDaniels,TOR
203926,Doug McDermott,IND
1631121,Bryce McGowens,CHA
1629162,Jordan McLaughlin,MIN
1629001,De'Anthony Melton,PHI
1630241,Sam Merrill,CLE
203995,Vasilije Micić,CHA
203114,Khris Middleton,MIL
1641706,Brandon Miller,CHA
1641757,Jordan Miller,LAC
1631159,Leonard Miller,MIN
201988,Patty Mills,MIA
1629003,Shake Milton,NYK
1631303,Justin Minaya,POR
1631169,Josh Minott,MIN
1630558,Davion Mitchell,SAC
1628378,Donovan Mitchell,CLE
1630596,Evan Mobley,CLE
1628370,Malik Monk,SAC
1630541,Moses Moody,GSW
1631386,Tazé Moore,POR
1631111,Wendell Moore Jr.,MIN
1629630,Ja Morant,MEM
202693,Markieff Morris,DAL
1628420,Monté Morris,MIN
1630530,Trey Murphy III,NOP
1627749,Dejounte Murray,ATL
1627750,Jamal Murray,DEN
1631099,Keegan Murray,SAC
1631200,Kris Murray,POR
1629004,Svi Mykhailiuk,BOS
1631250,Pete Nance,CLE
1626204,Larry Nance Jr.,NOP
1629614,Andrew Nembhard,IND
1630174,Aaron Nesmith,IND
1627777,Georges Niang,CLE
1630227,Daishen Nix,MIN
1630192,Zeke Nnaji,DEN
1629669,Jaylen Nowell,DET
203994,Jusuf Nurkić,PHX
1626220,Royce O'Neale,PHX
1629643,Chuma Okeke,ORL
1629006,Josh Okogie,PHX
1630168,Onyeka Okongwu,ATL
1630171,Isaac Okoro,CLE
203482,Kelly Olynyk,TOR
1626162,Kelly Oubre Jr.,PHI
101108,Chris Paul,GSW
1626166,Cameron Payne,PHI
1627780,Gary Payton II,GSW
1641809,Drew Peterson,BOS
1641763,Julian Phillips,CHI
1629618,Jalen Pickett,DEN
1630590,Scotty Pippen Jr.,MEM
203486,Mason Plumlee,LAC
1641764,Brandin Podziemski,GSW
1627751,Jakob Poeltl,TOR
1629673,Jordan Poole,WAS
1641854,Craig Porter Jr.,CLE
1629008,Michael Porter Jr.,DEN
1626171,Bobby Portis,MIL
204001,Kristaps Porziņģis,BOS
1630695,Micah Potter,UTA
203939,Dwight Powell,DAL
1626181,Norman Powell,LAC
1627752,Taurean Prince,LAL
1630202,Payton Pritchard,BOS
1641765,Olivier-Maxence Prosper,DAL
1630243,Trevelin Queen,ORL
1629674,Neemias Queta,BOS
1630193,Immanuel Quickley,TOR
1631311,Lester Quinones,GSW
203944,Julius Randle,NYK
1641871,Duop Reath,POR
1630559,Austin Reaves,LAL
1629629,Cam Reddish,LAL
1630194,Paul Reed,PHI
1629675,Naz Reid,MIN
1631197,Jared Rhoden,DET
1630208,Nick Richards,CHA
1626196,Josh Richardson,MIA
1629130,Duncan Robinson,MIA
1629011,Mitchell Robinson,NYK
1631115,Orlando Robinson,MIA
1630526,Jeremiah Robinson-Earl,NOP
1631223,David Roddy,PHX
1631157,Ryan Rollins,MIL
1626179,Terry Rozier,MIA
1641712,Rayan Rupert,POR
1626156,D'Angelo Russell,LAL
1630346,Matt Ryan,NOP
1627734,Domantas Sabonis,SAC
1641766,Adama Sanogo,CHI
1630611,Gui Santos,GSW
1631204,Marcus Sasser,DET
203471,Dennis Schröder,BKN
1630578,Alperen Sengun,HOU
1641729,Brice Sensabaugh,UTA
1629012,Collin Sexton,UTA
1629013,Landry Shamet,WAS
1630549,Day'Ron Sharpe,BKN
1631101,Shaedon Sharpe,POR
1641767,Ben Sheppard,IND
1627783,Pascal Siakam,IND
1627732,Ben Simmons,BKN
1629014,Anfernee Simons,POR
1630579,Jericho Sims,NYK
203935,Marcus Smart,MEM
1630696,Dru Smith,MIA
1630188,Jalen Smith,IND
1631095,Jabari Smith Jr.,HOU
1641733,Nick Smith Jr.,CHA
1631110,Jeremy Sochan,SAS
1630311,Pat Spencer,GSW
1630531,Jaden Springer,BOS
1630205,Lamar Stevens,MEM
1630191,Isaiah Stewart,DET
1631124,Julian Strawther,DEN
1629622,Max Strus,CLE
1630591,Jalen Suggs,ORL
1631306,Cole Swider,MIA
1630256,Jae'Sean Tate,HOU
1628369,Jayson Tatum,BOS
1630678,Terry Taylor,CHI
202066,Garrett Temple,TOR
1631207,Dalen Terry,CHI
1628464,Daniel Theis,LAC
1630560,Cam Thomas,BKN
1641708,Amen Thompson,HOU
1641709,Ausar Thompson,DET
202691,Klay Thompson,GSW
202684,Tristan Thompson,CLE
1630550,JT Thor,CHA
1629680,Matisse Thybulle,POR
1630214,Xavier Tillman,BOS
1631210,Jacob Toppin,NYK
1630167,Obi Toppin,IND
1626157,Karl-Anthony Towns,MIN
1629018,Gary Trent Jr.,TOR
1631131,Oscar Tshiebwe,IND
200782,P.J. Tucker,LAC
1626167,Myles Turner,IND
1641816,Hunter Tyson,DEN
1630649,Stanley Umude,DET
202685,Jonas Valančiūnas,NOP
1627832,Fred VanVleet,HOU
1629020,Jarred Vanderbilt,LAL
1630170,Devin Vassell,SAS
1629216,Gabe Vincent,LAL
1641774,Tristan Vukcevic,WAS
202696,Nikola Vučević,CHI
1629731,Dean Wade,CLE
1630532,Franz Wagner,ORL
1629021,Moritz Wagner,ORL
1631133,Jabari Walker,POR
1641716,Jarace Walker,IND
1629022,Lonnie Walker IV,BKN
1641717,Cason Wallace,OKC
1641775,Jordan Walsh,BOS
1629023,P.J. Washington,DAL
1631102,TyTy Washington Jr.,MIL
1630322,Lindy Waters III,OKC
1630570,Trendon Watford,BKN
1631212,Peyton Watson,DEN
1641705,Victor Wembanyama,SAS
1631104,Blake Wesley,SAS
201566,Russell Westbrook,LAC
1629632,Coby White,CHI
1628401,Derrick White,BOS
1641727,Dariq Whitehead,BKN
1641715,Cam Whitmore,HOU
1630598,Aaron Wiggins,OKC
203952,Andrew Wiggins,GSW
1631214,Alondes Williams,MIA
1630314,Brandon Williams,DAL
1629684,Grant Williams,CHA
1631114,Jalen Williams,OKC
1631119,Jaylin Williams,OKC
1629026,Kenrich Williams,OKC
1631109,Mark Williams,CHA
1631466,Nate Williams,HOU
1630172,Patrick Williams,CHI
1630533,Ziaire Williams,MEM
1629057,Robert Williams III,POR
1631246,Vince Williams Jr.,MEM
1629627,Zion Williamson,NOP
1630592,Jalen Wilson,BKN
1630164,James Wiseman,DET
1631209,Isaiah Wong,IND
1626153,Delon Wright,MIA
1629027,Trae Young,ATL
1627826,Ivica Zubac,LAC
203967,Dario Šarić,GSW
203500,Steven Adams,HOU
1641725,Trey Alexander,DEN
1630542,Marcus Bagley,PHI
1628366,Lonzo Ball,CHI
1642419,Jamison Battle,TOR
1641878,Damion Baugh,CHA
1641736,Reece Beekman,BKN
1641737,Adem Bona,PHI
1628396,Tony Bradley,IND
1641779,Jalen Bridges,PHX
1631232,Keion Brooks Jr.,NOP
1641824,Matas Buzelis,CHI
1642382,Branden Carlson,OKC
1642267,Bub Carrington,WAS
1642269,Devin Carter,SAC
1642264,Stephon Castle,SAS
1642279,Ulrich Chomche,TOR
1642353,Cam Christie,LAC
1630528,Josh Christopher,MIA
1641740,Jaylen Clark,MIN
1642270,Donovan Clingan,POR
1642268,Isaiah Collier,UTA
1641879,Yuri Collins,GSW
1642384,Isaiah Crawford,SAC
1642359,Pacome Dadiet,NYK
1642368,N'Faly Dante,HOU
1642484,RayJ Dennis,IND
1642265,Rob Dillingham,MIN
1628408,PJ Dozier,MIN
1642505,Alex Ducas,OKC
1642346,Ryan Dunn,PHX
1641744,Zach Edey,MEM
1642399,Jesse Edwards,MIN
1642348,Justin Edwards,PHI
1630623,Tyson Etienne,BKN
1642271,Kyle Filipowski,UTA
1642280,Trentyn Flowers,LAC
1642402,Enrique Freeman,IND
1642277,Johnny Furphy,IND
1630585,Marcus Garrett,CHA
1642273,Kyshawn George,WAS
1641789,Jazian Gortman,DAL
1641790,PJ Hall,DEN
1641989,Elijah Harkless,UTA
1641842,Ronald Holland II,DET
1630574,Ariel Hukporti,NYK
1642345,Oso Ighodaro,PHX
1631127,Harrison Ingram,SAS
1642355,Bronny James,LAL
1642450,Daniss Jenkins,DET
1642358,AJ Johnson,WAS
1642352,Keshad Johnson,MIA
1641794,Dillon Jones,OKC
1642403,Isaac Jones,SAC
1630539,Kai Jones,DAL
1642461,Spencer Jones,DEN
1642530,Yuki Kawamura,MEM
1630283,Kylor Kelley,NOP
1641752,Bobi Klintman,DET
1642261,Dalton Knecht,LAL
1642278,Tyler Kolek,NYK
1631132,Christian Koloko,LAL
1627746,Skal Labissiere,SAC
1641796,Pelle Larsson,MIA
1627814,Damion Lee,PHX
1642502,Malevy Leons,OKC
1641798,Jaylen Martin,WAS
1631213,Tyrese Martin,BKN
1631255,Karlo Matković,NOP
1642272,Jared McCain,PHI
1630644,Mac McClung,ORL
1641755,Kevin McCullar Jr.,NYK
1629098,Jack McVeigh,HOU
1641801,Emanuel Miller,CHI
1642434,Riley Minix,SAS
1642274,Yves Missi,NOP
1642349,Ajay Mitchell,OKC
1642367,Jonathan Mogbo,TOR
1641803,Tristen Newton,MIN
1641936,Miles Norris,BOS
1626143,Jahlil Okafor,IND
1642439,Quincy Olivari,LAL
203901,Elfrid Payton,NOP
1631342,Daeqwon Plowden,ATL
1629645,Kevin Porter Jr.,MIL
1642366,Quinten Post,GSW
1642389,Zyon Pullin,MEM
1642024,Alex Reese,PHI
1641810,Antonio Reeves,NOP
1642258,Zaccharie Risacher,ATL
1641857,Liam Robbins,MIL
1642050,Jackson Rowe,GSW
1642275,Tidjane Salaün,CHA
1642259,Alex Sarr,WAS
1631248,Baylor Scheierman,BOS
1630545,Terrence Shannon Jr.,MIN
1642347,Jamal Shead,TOR
1642263,Reed Sheppard,HOU
1642354,KJ Simpson,CHA
1642449,Tolu Smith,DET
1641890,Tyler Smith,MIL
1642285,Cam Spencer,MEM
1641815,Isaiah Stevens,MIA
1631166,Drew Timme,BKN
1641772,Nae'Qwan Tomlin,CLE
1642422,Armel Traoré,LAL
1631247,Luke Travers,CLE
1642281,Jaylon Tyson,CLE
1630811,Keaton Wallace,ATL
1642266,Ja'Kobe Walter,TOR
1642276,Kel'el Ware,MIA
1641817,Anton Watson,NYK
1642377,Jaylen Wells,MEM
1630762,Phillip Wheeler,PHI
1642262,Cody Williams,UTA
1627824,Guerschon Yabusele,PHI
1642385,Cui Yongxi,BKN
1642443,Jahmir Young,CHI
1641783,Tristan da Silva,ORL
1628427,Vlatko Čančar,DEN
1630828,Alex Antetokounmpo,MIL
203648,Thanasis Antetokounmpo,MIL
1642846,Ace Bailey,UTA
1642964,Brooks Barnhizer,OKC
1642866,Joan Beringer,MIN
1642886,Koby Brea,PHX
1641780,Johni Broome,PHI
1642868,Carter Bryant,SAS
1642928,Dylan Cardwell,SAC
1630619,Moussa Cisse,DAL
1642383,Walter Clayton Jr.,MEM
1642363,Nique Clifford,SAC
1631451,Javonte Cooke,POR
1630536,Sharife Cooper,WAS
1642907,Cedric Coward,MEM
1642885,Mohamed Diawara,NYK
1630621,Hunter Dickinson,NOP
1642856,Egor Dëmin,BKN
1642845,VJ Edgecombe,PHI
1642855,Noa Essengue,CHI
1642847,Jeremiah Fears,NOP
1642843,Cooper Flagg,DAL
1642853,Rasheer Fleming,PHX
1642066,Myron Gardner,MIA
1642884,Vladislav Goldin,MIA
1642864,Hugo González,BOS
1642844,Dylan Harper,SAS
1628502,Nigel Hayes-Davis,PHX
1642935,Chucky Hepburn,TOR
1641747,DaRon Holmes II,DEN
1643047,CJ Huntley,PHX
1642857,Kasparas Jakučionis,MIA
1642883,Sion James,CHA
1642848,Tre Johnson,WAS
1642938,Curtis Jones,DEN
1642880,Kam Jones,IND
1642357,David Jones Garcia,SAS
1641750,Ryan Kalkbrenner,CHA
1642939,Miles Kelly,DAL
1642851,Kon Knueppel,CHA
1642404,Chaz Lanier,DET
1630587,Isaiah Livers,PHX
1631126,Caleb Love,POR
1642863,Khaman Maluach,PHX
1642918,Alijah Martin,TOR
1643024,Chris Mañon,LAL
1642862,Liam McNeeley,CHA
1642867,Collin Murray-Boyles,TOR
1642948,Ryan Nembhard,DAL
1642854,Asa Newell,ATL
1642949,Yanic Konan Niederhäuser,LAC
1642950,Lachlan Olbrich,CHI
1642877,Micah Peavy,NOP
1642869,Noah Penda,ORL
1643007,Taelon Peter,IND
1642962,Drake Powell,BKN
1642878,Tyrese Proctor,CLE
1642852,Derik Queen,NOP
1642875,Maxime Raynaud,SAC
1642954,Will Richard,GSW
1642859,Jase Richardson,ORL
1642860,Will Riley,WAS
1642282,Hunter Sallis,PHI
1642920,Kobe Sanders,LAC
1642879,Ben Saraf,BKN
1641813,Mark Sears,MIL
1642917,Max Shulga,BOS
1642914,Javon Small,MEM
1643141,Jahmyl Telfort,LAC
1642876,Adou Thiero,LAL
1642910,John Tonje,BOS
1642260,Nikola Topić,OKC
1642849,Nolan Traore,BKN
1642364,Jamir Watkins,WAS
1642873,Amari Williams,BOS
1642874,Danny Wolf,BKN
1642905,Yang Hansen,POR
1642959,Chris Youngblood,POR
1642911,Rocco Zikarsky,MIN
